first_name,last_name,zip_code,area_name
Boothe,Abbes,607069,Vyksa
Aeriela,Strethill,,Honglin
Dania,Purchon,2525-675,Reinaldes
Erie,O' Connell,40330,Nai Harn
Jacki,Lince,,Sebulu
Lilian,Caddie,564 35,Bankeryd
Markos,Tattersill,51281,Lopar
Joyous,Hansemann,1219,Dolno Palčište
Anitra,Rate,,Mingfeng
Ezekiel,Barbrook,,Lápas
Ruthann,Portman,92119 CEDEX,Clichy
Nalani,Dimanche,,Tisma
Rockey,Rehm,,Nyima
Lyndsey,Beedle,06905 CEDEX,Sophia Antipolis
Betsy,Brightey,5964,Nikopol
Bernete,Alldre,,Bazhu
Appolonia,Carswell,,Kerema
Aprilette,Craven,,Wafang
Pamelina,Willacot,,Yuhuazhai
Archambault,McKain,690922,Russkiy
Cleopatra,Rotherforth,,Pyrgetós
Livvie,MacGow,3810-760,Póvoa do Valado
Cordie,Deignan,,Yueshan
Mommy,Vaisey,27-540,Lipnik
Wait,Cirlos,,Chibombo
Nada,Bonafacino,,Lápas
Brittany,Bolesma,602 09,Norrköping
Emerson,Kobsch,,Shijiang
Pierette,McCuaig,,Huacapampa
Leeanne,Follis,,Banyupoh
Murvyn,Kellart,,Pujijie
Delinda,Brew,50402,La Fortuna
Mendel,Pallatina,33209,Gijon
Shepherd,Le Quesne,6012,Nailong
Eddie,Illingsworth,,Puerto de Nutrias
Lona,Krikorian,,Sharkawshchyna
Neala,Millsap,,La Floresta
Ruthann,Sanbrooke,201018,El Copey
Clemmy,Choak,,Wangying
Flem,Hatton,7214,Karungdong
Gilberte,Facher,831 37,Östersund
Millicent,Kent,431226,Sosnovka
Packston,Delamaine,,Sindangsari
Viviyan,Boulder,,Yamrat
Claire,Rylatt,,Beibei
Lori,Fuzzard,,Níkaia
Nobie,Letts,,Lenīnskīy
Palmer,Chrismas,,Rixinhe
Lizbeth,Seefus,19714,Newark
Clair,D'Souza,694630,Yablochnyy
Dennis,Sandercock,,Banjaranyar
Kikelia,Triplow,,Babakan
Sheela,Tooze,352620,Ivanovo
Eward,Inwood,2701,Biao
Leanna,Jenkerson,973 46,Luleå
Orion,Giacomelli,203027,La Jagua de Ibirico
Luke,Leedal,,Xuxiake
Thea,Sandiford,742 83,Václavovice
Nappie,Anglim,,Jinan
Glenden,Bartrop,,Bukui
Farand,Camilletti,,Xiaoshanzi
Romona,Muscat,,Hanlin
Jecho,Duff,,Bajera
Donnell,Spight,6285-105,Vide
Gayla,Strowlger,4980-233,Castanheira
Jason,O'Griffin,21110,Sakon Nakhon
Irita,Duerden,142191,Troitsk
Gar,Ivanikhin,37-550,Radymno
Maire,Willan,,Sorinomo
Myrwyn,Bidewell,,Thị Trấn Mù Cang Chải
Enriqueta,Pieche,0550,Rimpeso
Danita,Swayne,,Tshikapa
Sherri,Kynnd,,Swedru
Dareen,Reedie,153668,Samacá
Norton,Molineux,86062 CEDEX 9,Poitiers
Donavon,Stubs,,Karak City
Waylan,Mannakee,,Spas
Tallou,Storrs,,Prosyana
Whittaker,Palke,5360-035,Candoso
Nikki,Boyen,,Paradise
Glori,Gianneschi,,Kornyn
Krystyna,Borghese,2390,Ravne na Koroškem
Kassi,Godwyn,,Marína
Any,Guyonnet,,Qinjiang
Britteny,Marzella,0390,Rustenburg
Basile,Brymham,L-9674,Gœsdorf
Rhetta,Codeman,,Qianying
Sibbie,Glide,352 54,Växjö
Mercedes,Margrie,,Balin
Lay,Yegorkin,9407,Tungol
Elsy,Dillway,,Turets-Bayary
Susie,Bartak,,Jiujiang
Berrie,Rosenbusch,94970,Manlio Fabio Altamirano
Massimiliano,Dericot,,Hegarmulya
Petey,Lanney,,Panayagan
Billie,Cockling,78900,Varkaus
Elsey,Shippard,,Baroh
Willamina,Gulland,80500,Johor Bahru
Maximilianus,Curle,L-8273,Mamer
Sigismond,Pifford,,Jijiang
Gauthier,Iacovini,31931 CEDEX 9,Toulouse
Davita,Angeli,,Erfangping
Michaelina,Mullard,,Changping
Edin,Nicklinson,2407,Bani
Shawn,Clemont,,Pagersari
Dalston,Kilgallon,4745-358,Vilares
Lewie,Jaume,14683,Rochester
Abby,Jeremaes,95600,La Guadalupe
Shea,Maron,,La Maná
Bob,Kornilov,14800-000,Araraquara
Cahra,Kingham,,Aţ Ţafīlah
Jerome,Alexis,,Jangkat
Balduin,Woodroof,7015,Camindangan
Jaquith,Yurkov,364 71,Bochov
Kettie,Yeats,78925 CEDEX 9,Saint-Quentin-en-Yvelines
Justus,Missenden,,Rafaï
Bernadine,Giottini,,Daxi
Robinia,Sarginson,134507,Río Viejo
Ciro,Mulvey,397473,Novaya Chigla
Dinny,Hebron,,Amaigbo
Ddene,Eleshenar,4650-291,Feitoria
Josiah,Gooderham,26000,Uthai Thani
Elia,Grane,,Xingtai
Donny,Guidoni,MD-5114,Briceni
Flemming,Agius,9930-025,Calheta de Nesquim
Kelly,Pitson,4900-005,Viana do Castelo
Cheston,Pegram,544 75,Zadní Mostek
Elyssa,Hamsley,9840,Richmond
Allison,Liepins,703 44,Örebro
Norris,St. Quentin,,Xinshiba
Amberly,Innis,31119,Atlanta
Darsey,Giraudou,,La Paz de Oriente
Anson,Trosdall,,Alindao
Alla,Castanares,,Menggala
Christoforo,Newcom,346018,Krasnoyarka
Enoch,Matijasevic,,Hasan
Shepherd,Sollitt,,Wuyahe
Clementius,Northill,,Changshan
Nessie,Syres,,Kynopiástes
Tallulah,Room,,Cimanggu
Jillane,Renner,84304 CEDEX,Cavaillon
Chandler,Dominetti,,Perechyn
Hendrik,Esberger,,Kpalimé
Aguste,Wheatland,73209 CEDEX,Albertville
Valery,Reah,39216,Jackson
Lexy,Jozsef,,Fengqiao
Frances,Mayo,5411,Mandaon
Jackelyn,Houndesome,761028,Riofrío
Anjanette,Petford,,Yên Mỹ
Bennett,Peirpoint,06-501,Mława
Aubrie,Olley,L-8708,Useldange
Esta,Faccini,,Krajan
Alf,Bredgeland,37-114,Białobrzegi
Merrielle,Russon,D17,Beaumont
Kora,Cobbin,56-200,Góra
Tessa,Dowbakin,,Dobrica
Selestina,Childrens,6419,San Vicente
Karlene,Arro,14765-000,Guajará Mirim
Galina,McNutt,,Zongga
Tabina,Killough,,Al Qurayshīyah
Diane-marie,Honywill,413270,Rovnoye
Marquita,Geeraert,,Mang’it Shahri
Garold,Morgen,,Kanggye-si
Melany,Heister,92619,Irvine
Rozella,Lyddiatt,35650-000,Pitangui
Gorden,Fidock,,Bŭka
Marion,Aizikov,3230,Sandefjord
Bastien,Marskell,,Sukamaju
Benton,Garn,,Caacupé
Nancey,McCallion,431 63,Perštejn
Ludvig,Nehl,,Shaxi
Edy,Derx,311-4317,Ashibetsu
Chic,Chapelle,,Uíge
Mareah,Clewarth,,Suai
Neysa,Pharro,,Damiao
Jamie,Chart,,Zhamog
Dorie,Dohr,,Independencia
Electra,Gilbane,,Udënisht
Trace,Moody,94109 CEDEX,Saint-Maur-des-Fossés
Hephzibah,Cleeves,,Colquechaca
Sadye,Villa,3070-523,Seixo
Zahara,Faltin,40231,Jahāniān Shāh
Lennie,Bullant,,Tanjungpati
Leesa,MacDearmont,,Liuzhuang
Serene,Leuren,181370,Pushkinskiye Gory
Shelley,Ganing,,Dubno
Noby,Davidov,,Xiayang
Tomasina,Bickerstaff,,Taunggyi
Allys,Ockendon,,Yinping
Grenville,Deare,361624,Tyrnyauz
Porter,Schulze,,Kondoa
Dorelia,Dowzell,,Yongfeng
Towney,Meggison,6464,Kerkrade
Caria,Fontell,,Xijiang
Cherise,Magee,,Shimeitang
Anna,Poulsom,,Byerazino
Agna,Iddy,,Darmasari
Laurette,Emsden,431045,Torbeyevo
Wait,Rainbird,73119,Oklahoma City
Felipa,Phaup,5544,Luján de Cuyo
Leanna,Dayer,,Manna
Aeriela,Brommage,L-6380,Beaufort
Olin,Vorley,198804,Peterhof
Annelise,Clutterham,86110,Lang Suan
Matelda,Merkle,,Paleran
Osmond,Askell,999-2256,Sakai
Ninnette,Golton,,Tanjung Timur
Jamal,Stovine,999-3145,Kawasaki
Alex,Craske,,Chengxiang
Lalo,Sweetmore,24109,Kiel
Garwood,Poundsford,,Daxbet
Baxy,Ludman,86216,Reforma
Richmound,Woodlands,,Hovtamej
Dollie,Bonnesen,72-210,Dobra
Sibyl,Durling,,Mtsamdou
Fulton,Kyte,90411,Nürnberg
Warde,Matteucci,083087,Palmar de Varela
Earvin,Hansley,2156,Capitán Bermúdez
Patrizio,Arrigo,,Nularan
Estrellita,Dunsleve,3001,Paombong
Renard,Wye,,Kladovo
Munroe,Grahamslaw,11003,Hato Mayor del Rey
Barbette,Roo,,Luti
Johannah,Greenland,,Yuejin
Ingemar,Sandiland,,Qintang
Olly,Thewys,85770-000,Realeza
Bob,Broe,,Soritor
Karilynn,Dorken,7292,Loznitsa
Wiatt,Rimer,,Abū Mūsā
Renaldo,Eicke,,Likasi
Fernanda,Persence,,Xindian
Dalli,Cosby,,Dahewan
Catherina,Shrubshall,,Noşratābād
Engelbert,Kyme,,Damaturu
Faunie,Dowers,781,Höfn
Elton,Agate,,Jin’e
Alethea,Dugan,,Qingshui
Emelda,Blumire,59044 CEDEX,Lille
Hoebart,Dunning,3313,Polzela
Robyn,Gavey,357870,Edissiya
Karoly,Aulsford,75100 CEDEX 01,Paris 01
Gael,Freake,661028,Santa Rosa de Cabal
Arlette,Manske,,Huangzhawan
Sarina,Fyall,3270,Laško
Gregorius,Frounks,,Fu’an
Candace,Tireman,,Baijiang
Ambur,Dollin,,Didian
Teodoro,McGeown,,Dukuhsia
Cody,Kinforth,,Mizque
Gothart,Yaxley,55417,Minneapolis
Prue,House,,Tân An
Ardyth,Rayworth,,Black River
Mara,Polly,,Guanqiao
Riobard,Keys,,Bornu Yassu
Rycca,Seers,,Ulaan-Uul
Tilda,Cartledge,396458,Kamensk-Shakhtinskiy
Elfrida,Aronowicz,,Luqiao
Gwenora,Hacon,,Situbondo
Reinald,Extill,,Waepau
Mayor,Gearty,,Cidadap
Gilbert,Sibary,,Alcaldedíaz
Tremaine,Dornin,,Pingshan
Trev,Howen,,Koh Kong
Joby,Dahlgren,,Cochabamba
Neall,McLaverty,,Sindangsari
Adan,Mathias,,Qiaoyi
Inga,Ricciardi,639-1156,Tawaramoto
Gene,de Villier,45020,Hamilton
Dudley,Booty,,Jing’an
Sholom,Pikett,2435-454,Olival
Dannel,Virr,,Taocun
Marinna,Calveley,176048,Palestina
Rogers,Tagg,452141,Leninogorsk
Rosa,Handsheart,17-210,Narew
Augy,Mulqueeny,,Kwangmyŏng
Caryl,Devonport,186660,Loukhi
Sawyere,Henrion,,Beitou
Brok,Lathwell,,Bethanie
Sephira,Sabate,,Dranoc
Nolie,De Andreis,,Karangpari
Rochelle,Gebb,,Bokor
Ferris,Headrick,303158,Bolkhov
Faye,Stoney,,Wŏnsan
Verna,Woodhouse,7207,Oroquieta
Kayla,Mapson,8006,Digos
Charline,Harroway,1241,Moste
Chris,Tuminini,,Şānūr
Mickie,Shemming,34-125,Rzyki
Renard,Costi,83-220,Skórcz
Clarence,Larter,,Brak
Had,Ludmann,87900-000,Loanda
Charlotte,Domegan,,Tuoshi
Darin,Leppo,813 91,Hofors
Hugibert,Kisbey,9700-685,Terra Chã
Kelila,Vaudre,23454,Virginia Beach
Cece,Brand-Hardy,93187 CEDEX,Montreuil
Anstice,Halladay,4023,Bugcaon
Dmitri,Lavallin,,Xijiadian
Maurita,Rockcliffe,,Paritaman
Misha,Dedham,,Qimantage
Wylie,Rudyard,,Su-dong
Addie,Chatenet,5200,Bayanan
Germain,Alderwick,,Shouzhan
Jacobo,Flipek,10290,Senangkhanikhom
Erastus,Durnan,,Illéla
Ebeneser,Banstead,,Tulung
Howey,Bartolozzi,,Belgrade
Vi,Sambles,20249,Hamburg
Rhodie,Furnell,,Baihe
Orbadiah,Zarfati,55540-000,Palmares
Maryl,Ericssen,,Pagak
Maximilian,Carlyon,,Divo
Karlis,Bourchier,2709,Galimuyod
Liane,Glacken,,Nanlang
Harrie,Pantry,,Bruzual
Riccardo,De Filippo,,Pukou
Mirella,Faulkener,,Ganquan
Xena,Plumm,,Banjar Buahan
Marjorie,Greiser,,Nanjing
Ailina,Trusse,99730-000,Jacutinga
Nadya,Orwell,,Shangdundu
Bax,Ortler,,San Rafael
Grantham,Blethyn,,Kozyatyn
Cristian,Hawkshaw,,Parlilitan
Davita,Extill,,Ban Lŭng
Valry,Cogzell,,Mary
Beryle,Folger,,Mehona
Kevina,Hicklingbottom,,Leran
Hilarius,Filyushkin,6330,New Agutaya
Kassey,Ledekker,,Kolokani
Gaylord,Stickney,T5K,Wingham
Maggie,Cino,10290,Senangkhanikhom
Brandea,Drayton,,Lanxi
Tallie,Deluze,,Nancun
Dewitt,Cornhill,,Shangzhang
Erick,Klauer,,Muḩradah
Cad,Scawen,,Oke Ila
Kylynn,Perutto,813 91,Hofors
Pauletta,Colleer,413067,Hobo
Patton,Giraudot,79160,Kandhkot
Kev,Seif,87140-000,Paiçandu
Hyacinth,Rustidge,47600-000,Bom Jesus da Lapa
Jordana,Blaschek,,Shaxi
Mickey,Cordelle,,Puyo
Mylo,Low,,Siwalan
Francisco,Hanscome,93826,La Gloria
Marline,Demangeon,,Karangarjo
Michaelina,Whicher,34330,Tan Sum
Pate,Spolton,,Passo
Ginnifer,Kobierzycki,87-821,Baruchowo
Ruthanne,Nield,,Thạnh Mỹ
Suzi,Marc,569 02,Březová nad Svitavou
Crissy,Humpage,,Yŏng-dong
Marje,Lindenblatt,,Jebba
Misty,Langcastle,,Ayamaru
Maris,Gouthier,,Guangsheng
Lou,Mullett,,Áno Kalentíni
Leonora,Kubera,5925,Pasco
Margette,Twoohy,,Poste du Lac
Glad,Chasen,515-2605,Hisai
Darb,Syne,,Koh Kong
Irwin,Blanchflower,295 37,Bromölla
Linoel,Withringten,938-0014,Ueki
Allix,MacCosty,,Santiago Puringla
Giovanni,Mioni,,Aileu
Burlie,Konke,,Bicaj
Beverly,Reay,97640,Sada
Sheridan,Ellit,33513,Zdenci
Christie,Dampney,,Suren
Tripp,Jays,,Shaba
Trudie,Fearnyhough,,Nandong
Harcourt,Braunfeld,,Burunday
Lyndell,MacGovern,10039,New York City
Cullie,Ashbolt,64240-000,Piracuruca
Thatcher,Hacquel,,Ea Drăng
Killy,Redholls,,Hegeng
Rosalynd,Palatino,77281,Houston
Aguste,Twinborough,,Komi
Dell,Tallant,9002,San Martin
Abba,Haylor,,Thị Trấn Mường Khương
Rozella,Messum,418 21,Göteborg
Fayette,Bishell,,Arkalyk
Padraig,Zamudio,3474,Chavarría
Calla,Lushey,652479,Anzhero-Sudzhensk
Zacharia,Mandifield,,Chengdong
Drusi,Penman,,Yitulihe
Wylma,Sifleet,,Laifang
Meredith,McCamish,,Candi
Dorelia,Lordon,,Santa Teresa
Lowrance,Mandy,,Culeng
Hillyer,Frisby,62-590,Golina
Tracie,Ren,633 47,Eskilstuna
Effie,Kain,,Panaitólion
Rossie,O'Mahoney,,Yinla
Rowen,Burwood,342 01,Humpolec
Shandy,Goghin,,Hong’an
Hastings,Hitzke,8038,Bodø
Adria,Creevy,125 71,Älvsjö
Nevin,Teck,,Aco
Zachary,Stocker,46896,Fort Wayne
Kariotta,Grundon,,Lezhë
Steffi,Boag,,Bara Datu
Cherida,Tumbelty,,Guxian
Jeanne,Bench,,Xinfeng
Merry,Dranfield,,Gangtun
Merline,Meir,,Jianfeng
Aguie,Quincey,427 40,Billdal
Addie,O'Hartnett,865-0122,Bihoro
Indira,Langthorn,,Caicun
Lissie,Wilkerson,MQB,Mqabba
Cornela,Gilchrist,,Sumbergayam
Stacee,Ingray,,Shuitian
Jacquette,Schonfelder,91384 CEDEX,Chilly-Mazarin
Jayson,de Courcy,,Lidian
Sebastiano,Di Dello,37410-000,Três Corações
Derry,Buglass,,Hohhot
Mendel,Jeanon,,Dubova (Driloni)
Stephi,Huggin,25600-000,Petrópolis
Cordie,Barthrup,8010,Bodø
Hanna,Haeslier,01462,Dresden
Brit,Hassin,2504,Agoo
Talya,Lynam,,Noşratābād
Stern,Reeken,10419,Kuče
Leilah,Tomney,7103,General Lavalle
Gloriane,Jowers,93504 CEDEX,Pantin
Kimberly,Burnham,839-1404,Morioka-shi
Pincas,Duffie,2440-370,Jardoeira
Enid,Skain,,Karanglo
Westley,Tyrrell,,Sumpur Kudus
Kathe,Ginley,,Sa Pá
Adel,Gaffey,36150,Kaeng Khro
Orelle,Weafer,69570,San Jose
Fiona,Creamer,,Kardamás
Isa,Libbie,662007,La Virginia
Jocelyn,Paule,45911 CEDEX 9,Orléans
Opaline,Pass,,Panaoti
Graig,Kobpal,13920-000,Pedreira
Fielding,Clopton,,Pemzashen
Vassili,Kelshaw,26-010,Bodzentyn
Filberto,Bulstrode,416357,Volgo-Kaspiyskiy
Rochette,Oldridge,,Sanxi
Sander,McCulloch,456510,Dolgoderevenskoye
Hamid,Alam,,Buluh Kasap
Valentijn,Roberts,,Chengbei
Kirsten,Walbrook,,Mayuan
Emmeline,Golsby,444018,Fonseca
Stan,Linfield,601389,Muromtsevo
Bari,Gaskin,,Rauna
Ellissa,Chastney,,Jinling
Maggi,Dewer,413028,Campoalegre
Mile,Wauchope,77700,Rautalampi
Lombard,Kinahan,7900-374,Odivelas
Tildi,Lockyear,,Limushan
Gareth,Drage,9580,Sasolburg
Evangelina,Dudley,,Tuba
Aimee,Giamelli,,Dapo
Dolley,Pratty,,Chifeng
Alysia,Thames,75455 CEDEX 09,Paris 09
Orrin,Cullnean,404609,Zaplavnoye
Domini,Di Iorio,,Kivertsi
Kelsey,Canfield,2501,Bauang
Sarajane,Mitchenson,,Jinquan
Carina,Abramzon,,Yinyang
Emmett,Marchello,,Ongandjera
Solomon,Ault,,Bama
Gradey,Dorr,44335 CEDEX 3,Nantes
Dorelia,Bretherick,,Tost
Kelsi,Challice,2843,General Galarza
Derby,Dunne,,Gómez
Alard,Bothbie,5211,Sapang Buho
Correna,Lawther,,Aketi
Timi,Yallowley,,Banjar Sembunggede
Jaquenette,Fawbert,,Kibiya
Henryetta,St. John,33686,Tampa
Rutledge,Olland,,Sukadana
Cami,Le Marquand,39104 CEDEX,Dole
Calla,Waszczyk,,Nzega
Ronny,Squire,,Caoxi
Christie,Bower,2525-805,Serra D'El Rei
Rourke,Plastow,,Tangzang
Janina,Gidney,1181,Budapest
Sheelagh,Lisamore,507009,Acacías
Ysabel,Bright,,La Palma
Roberto,Luciano,111971,Sibaté
Hillard,Skentelbury,3109,Buliran Segundo
Coraline,Jerram,1357,Notranje Gorice
Maryanne,Whybrow,,Jiangtian
Vania,Alexandrescu,,Fasito‘outa
Rollie,Santry,,Taquile
Price,Luberti,,Puncaksari
Reeba,Bridges,47239,Duisburg
Georgie,Norvell,2712,Santa Lucia
Annemarie,O'Donovan,,Daphu
Barnabe,Drewet,,Guihuaquan
Noreen,Grotty,,Hedong
Gwenni,Bartoli,,Guacamaya
Vikky,Cattermoul,194089,Almaguer
Winifred,Dawbury,954-0153,Mitsuke
Jud,Allibon,,Mertani
Dirk,Boyes,ZTN,Senglea
Domeniga,Wingfield,,Liugou
Emelen,MacLeod,756 11,Valašská Polanka
Jessee,Ranby,195047,Florencia
Jolee,Dunmuir,,Bayanaūyl
Marena,Barnhart,,Jatiraya
Augustus,Borsnall,1101,Kipit
Durante,Stoute,78514 CEDEX,Rambouillet
Finn,Bramham,,Đắk Glei
Romain,Tomblett,26120,Nakhon Nayok
Clemmy,Newlove,,Ciduren
Leighton,Flitcroft,10160,Nong Khaem
Casper,Alywen,87395,Francisco I Madero
Cissy,Ashard,,La Estancia
Mattheus,Dohmer,,Kabala
Manda,Gilfether,,Aengceleng
Kerwin,Eckersall,,Bendilmuning
Blithe,Kivell,,Hongor
Sherwood,Gration,B1V,Sydney Mines
Scarface,Lovart,,Beitan
Lara,Albasini,,Dongzhang
Mallorie,Kelk,,Pengshi
Elwood,Bennion,,Tonota
Paige,Rapp,L-9696,Winseler
Berkley,Balke,,Shangtuhai
Eric,Garaghan,,Bitam
Wang,Dyball,35180-000,Timóteo
Dalton,Geraudy,353993,Novorossiysk
Nell,Bougourd,4550-455,Paraíso
Hans,Bene,,Herong
Cybil,Breissan,2400,Strumica
Betta,Bampfield,,Kadubadak
Damita,Topham,,Sulo
Brett,Sumpter,5903,Villa Nueva
Karlee,Reedick,M4N,Harbour Breton
Spike,Celloni,2825-843,Trafaria
Tamarah,Swaite,3311,Mabay
Mathew,Knowles,37605,Johnson City
Orlando,Golland,1110,Tayabo
Paola,Renak,,Sebedo
Earl,Gaisford,,Longtan
Augusta,Dibb,,Ambalavao
Emiline,Dilkes,,Intibucá
Beilul,Giordano,,Andovoranto
Brittney,Bucham,1509,Zaandam
Joy,Coursor,,Linshe
Carce,Doughton,19900-000,Ourinhos
Kelli,Rouge,,Zhyrovichy
Burke,Matschuk,56504 CEDEX,Locminé
Josi,Turnpenny,747 15,Šilheřovice
Augustina,Jamme,52245,Iowa City
Matthew,Davidson,,Arenal
Alfy,Cruse,11740-000,Itanhaém
Ricky,Castlake,,Adigeni
Yorker,Gayter,142450,Monino
Dill,Exelby,658709,Kamen’-na-Obi
Steffi,Creed,4990-565,Soutelo
Danella,Cottrill,,Ganjaran
Robinetta,oldey,,Abastumani
Bryn,McIlheran,,Gayamdesa
Calida,Spier,,Voskop
Biddie,Taverner,141707,Novokhovrino
Dougy,Lacrouts,,Tiên Lãng
Lia,Selwyn,10606 CEDEX,Troyes
Claudie,Peerman,37487,Miguel Hidalgo
Perice,McWard,H54,Tuam
Thatch,Newbury,8006,Hagonoy
Bliss,Lehemann,386-0404,Kamimaruko
Lou,Di Pietro,,Kerek
Sid,Ripley,,Yuxarı Aran
Merwyn,Garrals,,Rubizhne
Massimo,Foye,,Chiba
Harlin,Yegorev,,Annau
Melisent,Worner,956-0053,Kameda-honchō
Anthe,Mistry,,Kharbathā Banī Ḩārith
Elysia,Biggin,,Jianba
Noel,Jaycock,,Cikalong
Tomasina,Ropking,9800-525,Velas
Skippy,Davidovics,,Kyurdarmir
Vyky,Bassett,,Mengdong
Jereme,Littlefair,,Songkar B
Latashia,Brodeau,472 01,Doksy
Devin,Turmel,85383,Peoria
Arabella,Thurlborn,,Gubukjero Timuk
Lyssa,Chatan,K9V,Middleton
Donica,Besnard,,Yarīm
Karolina,Phizakarley,,Jinhe
Jenica,Piniur,,Thị Trấn Thuận Châu
Georgetta,Hebbs,4990-565,Soutelo
Amory,Edds,524547,Aldana
Dora,Dunge,92901 CEDEX,Paris La Défense
Vivia,Hartus,,Bishan
Jeane,McIlwrath,623389,Polevskoy
Vanni,Kilday,76590-000,São Miguel do Araguaia
Noelle,Carabet,4625-177,Sardoal
Tann,Birdall,,Bakung Utara
Emyle,Ferenczi,,Gizo
Dode,Witten,,Lijiazui
Holly,Pim,,Ke’erlun
Zackariah,Wastie,L-8708,Useldange
Adiana,Abramowitch,142817,Kotlovka
Valeria,Fanton,,Douz
Rem,German,,Sembung
Fidelity,Koubu,,Uychi
Aurea,Sails,990-0812,Chitose
Lilith,Aubri,,Payxambabazar
Emlen,Cheeld,142717,Biryulëvo
Sadella,Critchlow,,Kajok
Mabelle,Flintoff,,Bosen
Merilee,Hounson,34-436,Maniowy
Rosina,Baudic,659600,Smolenskoye
Chucho,Pfeiffer,,Kremidivka
Holli,Smithe,,Tongtuan
Perry,Hess,,Nioumamilima
Neda,Calliss,175038,La Dorada
Jarret,Del Dello,4950-221,Várzea
Loleta,Spreadbury,,As Suwaydā’
Ezequiel,MacDearmaid,,Pārūn
Kahaleel,Ludlem,75480-000,Petrolina de Goiás
Tiebold,McNeish,,Watsa
Jordana,Mellsop,,Qunsheng
Janella,Liebermann,,Séguéla
Willem,McInility,865-0005,Tamana
Noell,Culmer,,Tomay Kichwa
Guntar,Ion,,Jenang Selatan
Ania,Hanniger,5056,Debelets
Moise,Lidyard,4224,Quilo-quilo
Helge,Mattedi,,Panggungrejo
Pierre,Roos,4399,Ndwedwe
Patsy,Tedman,3313,Jandayan
Reynard,Banker,,Sarangmeduro
Frederic,Dhennin,1841,Orange Farm
Corbin,Spurway,,Llipa
Estell,Faires,,Tunggar
Marlow,Brewitt,,Toila
Ettie,Ioselev,96120,Su-ngai Kolok
Reggy,Carnaman,,Bāsawul
Lise,Presnell,761 51,Norrtälje
Milka,Blasdale,512 63,Borek
Siusan,Yukhov,,Agalteca
Jori,Slaten,,Agago
Verile,Blackaller,440 01,Louny
Antons,Habbes,,Zangbawa
Hilton,Macconaghy,,Khāliş
Berenice,Brindley,569-0036,Zushi
Yves,Mangenet,8420,Pilar
Courtnay,Saben,142720,Shcherbinka
Bernie,Gilliard,,Aţ Ţīrah
Adelice,Paulsen,,Chrysó
Dion,Greening,633260,Ordynskoye
Roderic,Loveard,120 01,Stockholm
Cristie,Palphreyman,,Dengzishan
Buiron,Maulden,,Kalungu
Carey,Grainge,601389,Muromtsevo
Erick,Eudall,13592 CEDEX 3,Aix-en-Provence
Krissy,Fairlam,20535,Washington
Sandy,Delicate,9700-505,São Bartolomeu
Gregor,Harsnipe,,Shangdongjie
Dominick,Butlin,,Setonokalong
Nelie,Larkby,,Trà My
Kara,Couche,H65,Belmullet
Drusilla,Champain,,Tân Phú
Odille,Snooks,,Kabūdarāhang
Isiahi,Iacovo,141160,Grebnevo
Frederico,Marks,739 97,Návsí u Jablunkova
Marji,Gain,4620-472,Venda
Anitra,Koopman,,Puerto Castilla
Klarrisa,Krochmann,2758,Simitli
Ddene,Joysey,,Velyka Lepetykha
Melli,Karpf,P17,Newmarket on Fergus
Fulvia,Dunlap,J9P,Val-d'Or
Brien,Pyecroft,923 98,Storuman
Hebert,Anshell,,Safotu
Germain,Ellesworth,,Concepción
Allyce,Giovanni,,Jiancha
Catriona,Janca,59-101,Polkowice
Auria,Serjeant,,Pomahan
Josee,Killoran,,Liangcunchang
Tomasina,Lorant,,Kongoussi
Ives,Longea,,Huoqiu Chengguanzhen
Brendon,Candelin,05-094,Praga Północ
Curry,Olivazzi,4525-485,Vila Maior
Modesta,Kroch,990-2332,Iida
Anstice,Janos,,Kuangyuan
Sondra,Barok,48217,Detroit
Gertie,Kubal,T7N,Barrhead
Hanni,Rhoades,4103,Imus
Nanice,Hankin,391 65,Bechyně
Arty,Furley,48600-000,Paulo Afonso
Anabella,Sevitt,,Hushi
Karilynn,Barkus,,Shuanghe
Rozamond,Shervil,,Haolibao
Eleen,Hearfield,,Marneuli
Duke,Quarlis,,Muḩammad Āghah Wuluswālī
Analise,Bicheno,,Hamilton
Egan,Derrington,,Sukadana
Theodoric,Neeson,,Longcheng
Umberto,Sails,40320,Hodošan
Helaine,Sharrier,,Nanqi
Syd,Hallock,,Bình Minh
Ian,Nussey,45947 CEDEX 9,Orléans
Kylila,Thirkettle,692 32,Kumla
Cayla,Owenson,,Chenghe
Bobbee,Pulley,64103,San Isidro
Ashley,Toller,,Montonggamang
Jo,Armour,,Xiaohe
Berny,Rakes,,Fratar
Doroteya,Millichip,,Neni
Lorene,Seer,,Kasonawejo
Felecia,Gawen,,Zengfu
Kalinda,Chalke,696 65,Petrov
Yolane,Lark,249185,Kremenki
Esther,Trythall,71122,Vicente Guerrero
Edd,Capstake,,Võhma
Kendal,Karpfen,,Sheshan
Tommie,Server,,Jiaohu
Collie,Richold,3110,Dulian
Maura,Merman,4580-389,Valinhos
Marci,Gallegos,,Sokolo
Sonnie,Lumber,4620-931,Tojal
Tracey,Meads,0850,Dinahican
Trixi,Rude,10560,Bang Sao Thong
Carie,Loan,35530,Ekenäs
Pammi,Jaggers,,Samur
Sherilyn,Perago,58300-000,Santa Rita
Davide,Leonard,,Karditsomagoúla
Starr,Agent,,Chợ Lầu
Carlye,Wisson,,Bilüü
Jude,Covell,,Bugana
Otha,Balogh,,Voi
Randene,Bygott,,Baiima
Paddy,Salla,1296,Šentvid pri Stični
Carin,Ickovic,6401,Bobon
Candida,Paxeford,,Mugala
Mollie,Gleeton,,Cikalong
Bernadina,Skiplorne,,Al Wardānīn
Brittany,Pellman,,Heshengbao
Rorke,Oldridge,,Lianzhou
Elka,Leitch,357838,Lysogorskaya
Jethro,Bigglestone,,Periyiáli
Sonni,Stodhart,,Bumbuna
Nelson,Clowley,,Otukpa
Eugine,Ianno,,Fuxing
Valera,Stut,624320,Verkhnyaya Tura
Leticia,Atyeo,4848,Foxton
Curtice,Dowling,,Yingpu
Griz,Forri,,Batanamang
Ber,Towlson,,Modosinal
Linn,Filippo,,Dajanrurung
Suzanna,Decaze,,Cibungur
Dolph,Schwartz,8650-409,Vila do Bispo
Edgard,Drever,,Sinjai
Kort,Loughton,,Mēga
Siffre,Cartwight,05672,Alor Setar
Karel,Ianelli,99101,Kittilä
Jarid,Biskupiak,,Ayna
Griselda,Caveau,,Kaiyuan
Kamilah,De Gregoli,,Qiaoshi
Ashien,Sebrook,641 96,Katrineholm
Gerda,Knowling,7165,Villa Gesell
Dario,Barensky,,El Sauce
Garrick,Baford,08-307,Repki
Ferdinanda,Sommer,5771,Libertador General San Martín
Berri,Greenhead,617504,Seversk
Normy,Renner,,Jimusa’er
Wanids,Amoss,542 95,Mariestad
Spenser,Gormally,,Yuen Long Kau Hui
Darci,Siss,,Ourtzagh
Susie,Huntall,,Cipasung
Bambie,Nicholl,,Baimiao
Kalila,Revel,3025-348,Ardazubre
Binni,Collihole,24000-000,Niterói
Wilow,Scandred,,Wu’erqihan
Aviva,Bawle,73700-000,Padre Bernardo
Vasilis,Dybell,,As Suwaydā’
Desiree,Charrett,1330,Kočevje
Bart,Bushnell,,Kupusina
Brooke,Montier,,Pasirpanjang
Moyna,Sheehy,,Nanping
Joseph,Dudson,,Mislīyah
Chilton,Ortiger,34310,Bilice
Micah,Coronado,01189,Dresden
Gherardo,Pleasance,,Sujitan
Amabelle,Flaherty,,Wangkung
Kari,Lewsey,14700-000,Bebedouro
Sue,Laurance,,Taquile
Tessa,Hissett,,Wenping
Christyna,Fearnyough,,Citasuk
Chicky,Beakes,,Caibarién
Emlynne,Challenger,62576,Putrajaya
Ezequiel,O'Drought,,Tobol
Merwin,Burkill,162 66,Vällingby
Shirleen,Veschi,,Klos
Curtice,Drawmer,,Dongobesh
Kevina,Plaide,,Sabandia
Ferris,Dearell,2950-137,Vale de Touros
Sigmund,Jordin,,Watubuku
Sela,Alpin,,Karanggintung
Ruthanne,Syphus,,Krông Kmar
Petra,O'Hartnett,,Dicun
Mercedes,Scollan,134548,Morales
Wendeline,Nansom,06127,West Hartford
Eric,Bottini,,Guansheng
Nan,Smiz,164 21,Kista
Martita,Acott,,Kefar Yona
Parker,Mellem,,Magang
Dmitri,Bulford,03002,Jocotenango
Philippine,Salazar,,Bao’an
Shep,Rowlatt,,Sirnasari
Sherlocke,Kwiek,479-0871,Tokoname
Artair,Whitecross,,Cliza
Sid,Haggeth,LE15,Seaton
Ingaberg,Braund,,Drahovo
Jodee,Vaz,73091 CEDEX,Chambéry
Ringo,Phant,,Xinwu
Kelby,Ferney,1106,Bancal
Amata,Rembrant,5046,Pio Duran
Drusilla,Vassall,,Klek
Irwinn,Klais,,Tegalgunung
Hetti,Wabersich,,Rantau
Adena,Week,59680-000,Campo Grande
Arv,Potter,,Shencang
Kermit,Davet,10215,Villa Francisca
Tamqrah,Gillan,91117,Pasadena
Alleen,MacCleod,631008,Circasia
Cammy,Noden,,Lancang
Danita,Blaik,,Fuxin
Keefer,Normant,,Jindou
Simona,Dairton,,Vose’
Koral,Oliveras,,Dŭstí
Chadwick,Medcalf,429959,Novocheboksarsk
Fredek,Iddon,,Cheongju-si
Harper,Suttie,2017,Guiniculalay
Thomasa,Jakubowski,55458,Minneapolis
Miriam,Maestro,,Golem
Aldis,Sherwyn,958-0224,Kuroda
Lindsay,Yateman,55520-000,Ribeirão
Fey,Aitken,29551 CEDEX 9,Quimper
Rayner,Braithwaite,,Grande Rivière Noire
Riannon,Greenfield,5032,Panacan
Alonzo,Lemasney,75710,Tyler
Melony,Bentham,,Lota
Chrissie,Breese,,Perico
Jaine,Jinkinson,02-072,Ostroróg
Theo,Bambrough,41220,Ban Phan Don
Joellen,Greenshields,,Bungereng
Tracee,Cohn,270009,Quibdó
Emmet,Whenman,,Tangzhuang
Leesa,Saddler,680001,Rasskazovo
Sherwin,Taggert,3230-228,Covão
Paige,Fareweather,4420,Tigaon
Gilbertine,Brabban,,Shengao
Donnell,Crush,404109,Volzhskiy
Ollie,Cankett,69190-000,Maués
Janaye,Brainsby,,Lastoursville
Sasha,Rumbelow,35364,Providencia
Oliver,Bellefant,,Gurinai
Hyacinthe,Yalden,,Guojia
Carlo,Vearncomb,,Yinghua
Constantine,Kleinmintz,,Dazuo
Vivien,Conneau,591 34,Motala
Weylin,Frean,62010 CEDEX,Arras
Nestor,Aronsohn,,Injīl
Roxi,Forstall,,Chaiwan
Ashil,Varnals,,Cigembor
Cece,Chazelle,,Xinminxiang
Myrtie,Hancock,,Ciduren
Marget,Annand,2701,Santa Catalina
Benetta,Colyer,,Chichaoua
Saundra,Baldack,,Jinjing
Delmore,Halwell,,Guocun
Eydie,Tanzer,,Sumberagung
Phillipp,Prose,,Zhenxi
Edik,Renfree,,Luofang
Deeann,Sibly,,Chifeng
Frasier,Wardrop,542 87,Mariestad
Halette,Skyme,21-222,Podedwórze
Odelia,Hallor,141662,Nikol’skoye
Cathie,Deppe,,Zungeru
Duky,Petrulis,35538 CEDEX,Noyal-sur-Vilaine
Moore,Kenway,664511,Pivovarikha
Daryn,Phillips,,Nguken
Tuesday,Goskar,143818,Rechitsy
Addie,Kyteley,,Ganding
Antonina,Lakenton,70760,Benito Juarez
Pascal,Lorenzo,,Xia Dawo
Brana,Schowenburg,391964,Ryazhsk
Fidelia,Truce,,Cipari Satu
Mella,Kuna,,Cibunut
Rutherford,Sanders,,Nahrīn
Kerianne,Poundford,,Kuala Tuha
Jean,Freake,,Oyan
Bryna,Revening,,He’an
Lolly,Bradburne,13270-000,Valinhos
Massimiliano,Bellhouse,,Liugou
Fanni,De Santos,636845,Asino
Odo,Mouncey,,Plymouth
Ronny,Kitchiner,,Fort Liberté
Philippa,Luscombe,,Buda-Kashalyova
Barri,Stolli,20147,Milano
Jere,Godier,,Nkove
Tandy,Mesnard,,Jiaoshanhe
Alfonse,Clemon,,Pingshan
Stephanie,Baskwell,,Zhenxing
Jaclin,Ellesworthe,43-200,Pszczyna
Barbe,Durdy,,Tallbīsah
Ram,Bulpitt,418 77,Göteborg
Dniren,Blakeborough,48761,Kallar Kahār
Guillema,Deares,,Kuaro
Biron,Boldock,,Koba
Conny,Pennino,,Matou
Milissent,Cotillard,,Orahovac
Merola,Ridges,55340-000,Águas Belas
Elia,Petrolli,MD-2089,Ciorescu
Adrien,Dodge,15150-000,Monte Aprazível
Nichols,Baldrick,301070,Mendeleyevskiy
Darcee,Restall,,Sadek
Bayard,Lambricht,,Kerep Wetan
Astrid,Shoutt,99047,Rusnė
Kata,Cossem,,Baizhu
Tatiania,Baudouin,507 32,Kopidlno
Paulette,Toffolo,,A’ershan
Valentia,Shallo,,Skiáthos
Dede,Proudlove,,Toroy
Farrah,Land,,Aranitas
Pepe,Grimme,707037,Colosó
Allen,Diggar,,Kaoma
Frederick,Elix,20147,Milano
Augustine,Carlow,10290,Senangkhanikhom
Merrill,Denial,765 02,Otrokovice
Winfield,Harragin,6310,Giawang
Amata,Rubinchik,34308,Jakšić
Alexis,Echalier,76905,San Angelo
Ardelia,D'Alesco,083028,Malambo
Amara,Mahody,0968,Oslo
Salomi,Epgrave,,Pásion
Zorana,Loisi,42-293,Blachownia
Demeter,Scola,368033,Tsotsin-Yurt
Zerk,Kennon,,Long Beluah
Morna,Powderham,,Yenagoa
Fin,Bothe,69206 CEDEX 01,Lyon
Ethelind,Grenville,3560,Reconquista
Adolph,Pallesen,9015,Pico Truncado
Blanche,Sahlstrom,,Motema
Fitz,Kneale,3111,Aliaga
Aprilette,Joriot,8000,Bahía Blanca
Dale,Edgeley,,Nangaroro
Angelina,Devine,,Lurut
Devina,Botwood,,Guiping
Andrey,Rouf,20110,Si Racha
Cirillo,Tobias,2621,Gabi
Noam,Ambrogioni,,Russeifa
Hesther,Sawden,84240-000,Piraí do Sul
Abdul,Gouge,,Labuhantanggabesar
Michell,Meneux,L2A,Fort Erie
Molli,Rew,,Cirangrang
Cesar,Woolam,48430-000,Paripiranga
Melba,Fairbanks,,Bayan Bulag
Massimo,Jaynes,93826,La Gloria
Antonina,Dugood,,Haolibao
Gilemette,Darville,,Kallithéa
Roanne,Doumer,,Huangliu
Fidelity,Napier,,Ágios Athanásios
Reeva,Lemmens,,Heping
Victoria,Christall,,Genting
Barris,Handy,,Kalatongke
Marris,Lettington,35588-000,Arcos
Hollis,Giraudat,,Lijiaxiang
Sterne,Vaudin,,Osan
Myrle,Boult,37-467,Stalowa Wola
Dannye,Piggins,96928,Dededo Village
Kleon,Ponnsett,,Barra de Carrasco
Carleton,MacBain,,Cuogang
Bernie,Kirdsch,150501,Petrodvorets
Xavier,Moff,,Jayune
Loreen,Ollenbuttel,,Kupusina
Chen,Pierrepont,89-340,Białośliwie
Rutledge,Bellringer,,Akebielidou
Morgun,Hurl,,Liudu
Ashlin,Ould,20170,Ban Talat Bueng
Madelina,Shimmings,3119,Cut-cut Primero
Wilie,Edlin,,Rosignol
Milena,Broggelli,,Luqiao
Pooh,Abrahm,,‘Aqrah
Mano,Groger,,Hexi
Sharia,Knowling,31136,Atlanta
Wade,Harhoff,,Kyonju
Albie,Pottes,,Norakert
Darice,Skewis,,Umpak
Carey,Grishagin,,Zhuravka
Mason,Eick,,Laiyuan
Gilberte,Jordi,765 02,Otrokovice
Ula,Zannolli,,Jiangjiazui
Kenna,Varfolomeev,,Sơn Hà
Quincey,Scatchard,,Xianlin
Edna,Fansy,170 66,Solna
Farlie,Reany,51415,Lovran
Killie,Fidock,,La Coipa
Katerine,Deniscke,,Tianjiazhai
Kristo,Klamp,10060,New York City
Deedee,Brandrick,4950-740,Carvalheira
